Name;Routing;;;
WBGB_WBGG;WBGB VBU VSI VKG WBGG;;;
WBGB_WBGR;WBGB VBU VMI WBGR;;; 
WBGB_WBGR;WBGB VBU KADMO VMI WBGR;;;
WBGB_WBGS;WBGB VBU VSI WBGS;;; 
WBGB_WBKK;WBGB VBU VMI BRU VJN WBKK;;;
WBGB_WBKK;WBGB VBU KADMO BRU VJN WBKK;;;
WBGB_WMKK;WBGB VBU AGDAB KAMIN KIBOL VPT SAROX VKL WMKK;;;
WBGB_WMKK;WBGB VBU VSI AGPOP OKTOG AGOBA SABIP BOBOB KETOD OBDAB VPK ISTAN VKL WMKK;;;
WBGB_WMKK;WBGB VBU AGDAB KAMIN KIBOL VPT SAROX VKL WMKK;;;
WBGG_WBGB;WBGG VKG VSI AGDAB VBU WBGB;;;
WBGG_WBGR;WBGG VKG AGPOP PILAX SARVO VMI WBGR;;;  
WBGG_WBGR;WBGG VKG VSI VBU KADMO VMI WBGR;;;  
WBGG_WBGS1;WBGG VKG VSI WBGS;;; 
WBGG_WBKK1;WBGG VKG AGPOP PILAX SARVO VMI BRU VJN WBKK;;;
WBGG_WBKK2;WBGG VKG VSI VBU VMI BRU VJN WBKK;;; 
WBGG_WBKK3;WBGG VKG AGPOP PILAX SARVO VMI BRU VJN WBKK;;;
WBGG_WBKK4;WBGG VKG AGPOP PILAX SARVO VMI BRU VJN WBKK;;;
WBGG_WMKJ1;WBGG VKG NIMIX TOMAN HOSBA VTK VJR WMKJ;;; 
WBGG_WMKJ2;WBGG VKG NIMIX TOMAN HOSBA VTK VJR WMKJ;;; 
WBGG_WMKJ3;WBGG VKG NIMIX TOMAN HOSBA VTK VJR WMKJ;;; 
WBGG_WMKK1;WBGG VKG KAMIN KIBOL VPT SAROX VKL WMKK;;;
WBGG_WMKK2;WBGG VKG AGOBA SABIP BOBOB KETOD PADLI SAROX VKL WMKK;;;
WBGG_WMKK3;WBGG VKG AGOBA SABIP BOBOB KETOD PADLI SAROX VKL WMKK;;;
WBGG_WMKK4;WBGG VKG KAMIN KIBOL VPT SAROX VKL WMKK;;;
WBGG_WMKK5;WBGG VKG KAMIN KIBOL VPT SAROX VKL WMKK;;;
WBGG_WMKK6;WBGG VKG KAMIN KIBOL VPT SAROX VKL WMKK;;;
WBGG_WMKK7;WBGG VKG AGOBA SABIP BOBOB KETOD OBDAB VPK ISTAN VKL WMKK;;;
WBGG_WMKK8;WBGG VKG AGOBA SABIP BOBOB KETOD OBDAB VPK ISTAN VKL WMKK;;;
WBGG_WMKK9;WBGG VKG KAMIN KIBOL VPT SAROX VKL WMKK;;;
WBGG_WMKK10;WBGG VKG KAMIN KIBOL VPT SAROX VKL WMKK;;;
WBGG_WMKK11;WBGG VKG AGOBA SABIP BOBOB KETOD OBDAB VPK ISTAN VKL WMKK;;;
WBGG_WMKK12;WBGG VKG AGOBA SABIP BOBOB KETOD OBDAB VPK ISTAN VKL WMKK;;;
WBGG_WMKK13;WBGG VKG AGOBA SABIP BOBOB KETOD PADLI SAROX VKL WMKK;;;
WBGG_WMKK14;WBGG VKG AGOBA SABIP BOBOB KETOD OBDAB VPK ISTAN VKL WMKK;;;
WBGG_WMKK15;WBGG VKG AGOBA SABIP BOBOB KETOD OBDAB VPK ISTAN VKL WMKK;;;
WBGG_WMKK16;WBGG VKG AGOBA SABIP BOBOB KETOD PADLI SAROX VKL WMKK;;;
WBGG_WMKK17;WBGG VKG AGOBA SABIP BOBOB KETOD PADLI SAROX VKL WMKK;;;
WBGG_WMKK18;WBGG VKG AGOBA SABIP BOBOB KETOD OBDAB VPK ISTAN VKL WMKK;;;
WBGG_WMKK19;WBGG VKG AGOBA SABIP BOBOB KETOD PADLI SAROX VKL WMKK;;;
WBGG_WMKK20;WBGG VKG AGOBA SABIP BOBOB KETOD PADLI SAROX VKL WMKK;;;
WBGG_WMKK21;WBGG VKG AGOBA SABIP BOBOB KETOD PADLI SAROX VKL WMKK;;;
WBGG_WMKK22;WBGG VKG AGOBA SABIP BOBOB KETOD PADLI SAROX VKL WMKK;;;
WBGG_WMKK23;WBGG VKG AGOBA SABIP BOBOB KETOD OBDAB VPK ISTAN VKL WMKK;;;
WBGG_WMKK24;WBGG VKG KAMIN KIBOL VPT SAROX VKL WMKK;;;
WBGG_WMKP1;WBGG VKG AGOBA SABIP BOBOB KETOD OBDAB VPK ADNUT PIBOS VBA SUKAT TEPUS VPG WMKP;;;
WBGG_WSSS1;WBGG VKG NIMIX TOMAN HOSBA VTK WSSS;;;  
WBGG_WSSS2;WBGG VKG AGOBA SABIP TOMAN HOSBA VTK WSSS;;; 
WBGR_WBGG1;WBGR VMI SARVO PILAX AGPOP VKG WBGG;;;  
WBGR_WBGG2;WBGR VMI SARVO PILAX AGPOP VKG WBGG;;;  
WBGR_WBGG3;WBGR VMI SARVO PILAX AGPOP VKG WBGG;;;  
WBGR_WBGG4;WBGR VMI SARVO PILAX AGPOP VKG WBGG;;;  
WBGR_WBGG5;WBGR VMI VBU VSI VKG WBGG;;;
WBGR_WBKK1;WBGR VMI BRU VJN WBKK;;;
WBGR_WBKK2;WBGR VMI BRU VJN WBKK;;;
WBGR_WBKK3;WBGR VMI BRU VJN WBKK;;;
WBGR_WBKK4;WBGR VMI BRU VJN WBKK;;;
WBGR_WBKK5;WBGR VMI BRU VJN WBKK;;;
WBGR_WBKL1;WBGR VMI BRU VLB WBKL;;;
WBGR_WBKL2;WBGR VMI BRU VLB WBKL;;;
WBGR_WBKL3;WBGR VMI BRU VLB WBKL;;;
WBGR_WBKL4;WBGR VMI BRU VLB WBKL;;;
WBGR_WBKL5;WBGR VMI BRU VLB WBKL;;;
WBGR_WMKK1;WBGR VMI SAKMA OLKIT TERIX LUSMO IDSEL PADLI SAROX VKL WMKK;;;
WBGR_WMKK2;WBGR VMI TERIX LUSMO IDSEL PADLI SAROX VKL WMKK;;;
WBGR_WMKK3;WBGR VMI SAKMA DARMU KAMIN KIBOL VPT SAROX VKL WMKK;;;
WBGR_WMKK4;WBGR VMI SAKMA OLKIT TERIX LUSMO IDSEL VPK ISTAN VKL WMKK;;;
WBGR_WMKK5;WBGR VMI TERIX LUSMO IDSEL VPK ISTAN VKL WMKK;;;
WBGR_WMKK6;WBGR VMI SAKMA OLKIT TERIX LUSMO IDSEL VPK ISTAN VKL WMKK;;;
WBGR_WMKK7;WBGR VMI TERIX LUSMO IDSEL VPK ISTAN VKL WMKK;;;
WBGR_WMKK8;WBGR VMI TERIX LUSMO IDSEL VPK ISTAN VKL WMKK;;;
WBGR_WMKP1;WBGR VMI TERIX LUSMO IDSEL VPK ADNUT PIBOS VBA SUKAT TEPUS VPG WMKP;;; 
WBGR_WSSS1;WBGR VMI SAKMA DARMU KAMIN TOMAN HOSBA VTK WSSS;;;
WBGS_WBGB1;WBGS VSI VBU WBGB;;; 
WBGS_WBGG1;WBGS VSI VKG WBGG;;; 
WBGS_WBGG2;WBGS VSI VKG WBGG;;; 
WBGS_WBGG3;WBGS VSI VKG WBGG;;; 
WBGS_WBGG4;WBGS VSI VKG WBGG;;; 
WBGS_WBGG5;WBGS VSI VKG WBGG;;; 
WBGS_WBGG6;WBGS VSI VKG WBGG;;; 
WBGS_WBGG7;WBGS VSI VKG WBGG;;; 
WBGS_WBGR1;WBGS VSI VBU VMI WBGR;;;
WBGS_WBGR2;WBGS VSI VBU VMI WBGR;;;
WBGS_WBGR3;WBGS VSI VBU VMI WBGR;;;
WBGS_WBKK1;WBGS VSI AGDAB VBU KADMO BRU VJN WBKK;;; 
WBGS_WBKK2;WBGS VSI VBU VMI BRU VJN WBKK;;;  
WBGS_WMKJ1;WBGS VSI VKG NIMIX TOMAN HOSBA VTK VJR WMKJ;;;
WBGS_WMKK1;WBGS VSI AGPOP OKTOG AGOBA SABIP BOBOB KETOD PADLI SAROX VKL WMKK;;;  
WBGS_WMKK2;WBGS VSI VKG AGOBA SABIP BOBOB KETOD PADLI SAROX VKL WMKK;;;
WBGS_WMKK3;WBGS VSI VKG AGOBA SABIP BOBOB KETOD PADLI SAROX VKL WMKK;;;
WBGS_WMKK4;WBGS VSI VKG AGOBA SABIP BOBOB KETOD OBDAB VPK ISTAN VKL WMKK;;;  
WBGS_WMKK5;WBGS VSI VKG AGOBA SABIP BOBOB KETOD OBDAB VPK ISTAN VKL WMKK;;;  
WBGS_WMKK6;WBGS VSI VKG AGOBA SABIP BOBOB KETOD PADLI SAROX VKL WMKK;;;
WBKD_WBKK1;WBKD LHD VSN VJN WBKK;;;
WBKD_WBKK2;WBKD LHD VSN VJN WBKK;;;
WBKD_WBKK3;WBKD LHD VJN WBKK;;; 
WBKD_WBKK4;WBKD LHD VJN WBKK;;; 
WBKD_WBKK5;WBKD LHD VSN VJN WBKK;;;
WBKK_WBGB1;WBKK VJN BRU KADMO VBU WBGB;;;
WBKK_WBGB2;WBKK VJN BRU KADMO VBU WBGB;;;
WBKK_WBGG1;WBKK VJN BRU VMI SARVO PILAX AGPOP VKG WBGG;;;
WBKK_WBGG2;WBKK VJN BRU KADMO VBU VSI VKG WBGG;;; 
WBKK_WBGG3;WBKK VJN BRU VMI VBU VSI VKG WBGG;;; 
WBKK_WBGG4;WBKK VJN BRU VMI VBU VSI VKG WBGG;;; 
WBKK_WBGR1;WBKK VJN BRU VMI WBGR;;;
WBKK_WBGR2;WBKK VJN BRU KADMO VMI WBGR;;;
WBKK_WBGR3;WBKK VJN BRU VMI WBGR;;;
WBKK_WBGR4;WBKK VJN BRU VMI WBGR;;;
WBKK_WBGR5;WBKK VJN BRU VMI WBGR;;;
WBKK_WBGS1;WBKK VJN BRU KADMO VBU VSI WBGS;;;  
WBKK_WBGS2;WBKK VJN BRU VMI VBU VSI WBGS;;;  
WBKK_WBKD1;WBKK VJN VTW LHD WBKD;;;
WBKK_WBKD2;WBKK VJN LHD WBKD;;; 
WBKK_WBKD3;WBKK VJN VTW LHD WBKD;;;
WBKK_WBKD4;WBKK VJN LHD WBKD;;; 
WBKK_WBKD5;WBKK VJN LHD WBKD;;; 
WBKK_WBKL1;WBKK VJN VIDIP VLB WBKL;;;
WBKK_WBKL2;WBKK VJN VIDIP VLB WBKL;;;
WBKK_WBKS1;WBKK VJN VSN WBKS;;; 
WBKK_WBKS2;WBKK VJN VSN WBKS;;; 
WBKK_WBKS3;WBKK VJN VSN WBKS;;; 
WBKK_WBKS4;WBKK VJN LHD VSN WBKS;;;
WBKK_WBKS5;WBKK VJN VSN WBKS;;; 
WBKK_WBKS6;WBKK VJN VSN WBKS;;; 
WBKK_WBKS7;WBKK VJN VSN WBKS;;; 
WBKK_WBKW1;WBKK VJN VTW WBKW;;; 
WBKK_WBKW2;WBKK VJN VSN VTW WBKW;;;
WBKK_WBKW3;WBKK VJN VTW WBKW;;; 
WBKK_WBKW4;WBKK VJN VTW WBKW;;; 
WBKK_WBKW5;WBKK VJN VTW WBKW;;; 
WBKK_WBKW6;WBKK VJN VTW WBKW;;; 
WBKK_WBKW7;WBKK VJN VTW WBKW;;; 
WBKK_WBKW8;WBKK VJN VTW WBKW;;; 
WBKK_WMKJ1;WBKK VJN VIDIP DOGOG OLKIT TERIX BOBOB TOMAN HOSBA KK VJR WMKJ;;;  
WBKK_WMKJ2;WBKK VJN VIDIP DOGOG OLKIT TERIX BOBOB TOMAN HOSBA KK VJR WMKJ;;;  
WBKK_WMKK1;WBKK VJN VIDIP DOGOG OLKIT TERIX LUSMO IDSEL PADLI SAROX VKL WMKK;;;  
WBKK_WMKK2;WBKK VJN VIDIP DOGOG OLKIT TERIX LUSMO IDSEL PADLI SAROX VKL WMKK;;;  
WBKK_WMKK3;WBKK VJN BRU OLKIT TERIX LUSMO IDSEL PADLI SAROX VKL WMKK;;;
WBKK_WMKK4;WBKK VJN VIDIP DOGOG OLKIT TERIX LUSMO IDSEL PADLI SAROX VKL WMKK;;;  
WBKK_WMKK5;WBKK VJN VIDIP DOGOG OLKIT TERIX LUSMO IDSEL VPK ISTAN VKL WMKK;;;  
WBKK_WMKK6;WBKK VJN VIDIP DOGOG OLKIT TERIX LUSMO IDSEL VPK ISTAN VKL WMKK;;;  
WBKK_WMKK7;WBKK VJN VIDIP DOGOG OLKIT TERIX LUSMO IDSEL VPK ISTAN VKL WMKK;;;  
WBKK_WMKK8;WBKK VJN VIDIP DOGOG OLKIT TERIX LUSMO IDSEL VPK ISTAN VKL WMKK;;;  
WBKK_WMKK9;WBKK VJN VIDIP DOGOG OLKIT TERIX LUSMO IDSEL VPK ISTAN VKL WMKK;;;  
WBKK_WMKK10;WBKK VJN VIDIP DOGOG OLKIT TERIX LUSMO IDSEL VPK ISTAN VKL WMKK;;;  
WBKK_WMKK11;WBKK VJN VIDIP DOGOG OLKIT TERIX LUSMO IDSEL VPK ISTAN VKL WMKK;;;  
WBKK_WMKK12;WBKK VJN VIDIP DOGOG OLKIT TERIX LUSMO IDSEL VPK ISTAN VKL WMKK;;;  
WBKK_WMKK13;WBKK VJN VIDIP DOGOG OLKIT TERIX LUSMO IDSEL VPK ISTAN VKL WMKK;;;  
WBKK_WMKK14;WBKK VJN BRU OLKIT TERIX LUSMO IDSEL VPK ISTAN VKL WMKK;;;
WBKK_WMKK15;WBKK VJN VIDIP DOGOG OLKIT TERIX LUSMO IDSEL VPK ISTAN VKL WMKK;;;  
WBKK_WMKK16;WBKK VJN VIDIP DOGOG OLKIT TERIX LUSMO IDSEL VPK ISTAN VKL WMKK;;;  
WBKK_WMKK17;WBKK VJN VIDIP DOGOG OLKIT TERIX LUSMO IDSEL VPK ISTAN VKL WMKK;;;  
WBKK_WMKK18;WBKK VJN VIDIP DOGOG OLKIT TERIX LUSMO IDSEL VPK ISTAN VKL WMKK;;;  
WBKK_WMKK19;WBKK VJN VIDIP DOGOG OLKIT TERIX LUSMO IDSEL PADLI SAROX VKL WMKK;;;  
WBKK_WMKK20;WBKK VJN VIDIP DOGOG OLKIT TERIX LUSMO IDSEL VPK ISTAN VKL WMKK;;;  
WBKK_WMKK21;WBKK VJN VIDIP DOGOG OLKIT TERIX LUSMO IDSEL PADLI SAROX VKL WMKK;;;  
WBKK_WMKK22;WBKK VJN VIDIP DOGOG OLKIT TERIX LUSMO IDSEL VPK ISTAN VKL WMKK;;;  
WBKK_WMKK23;WBKK VJN VIDIP DOGOG OLKIT TERIX LUSMO IDSEL PADLI SAROX VKL WMKK;;;  
WBKK_WMKK24;WBKK VJN VIDIP DOGOG OLKIT TERIX LUSMO IDSEL PADLI SAROX VKL WMKK;;;  
WBKK_WMKK25;WBKK VJN VIDIP DOGOG OLKIT TERIX LUSMO IDSEL PADLI SAROX VKL WMKK;;;  
WBKK_WMKP1;WBKK VJN VIDIP DOGOG OLKIT TERIX LUSMO IDSEL VPK ADNUT PIBOS VBA BILIK SUKAT GUNIP VPG WMKP;;;  
WBKK_WMKP2;WBKK VJN VIDIP DOGOG OLKIT TERIX LUSMO IDSEL VPK ADNUT PIBOS VBA BILIK SUKAT GUNIP VPG WMKP;;;  
WBKK_WSSS1;WBKK VJN VIDIP DOGOG OLKIT TERIX BOBOB TOMAN HOSBA VTK WSSS;;;
WBKK_WSSS2;WBKK VJN VIDIP DOGOG OLKIT TERIX BOBOB TOMAN HOSBA VTK WSSS;;;
WBKL_WBGR1;WBKL VLB BRU KADMO VMI WBGR;;;
WBKL_WBGR2;WBKL VLB BRU VMI WBGR;;;
WBKL_WBGR3;WBKL VLB BRU KADMO VMI WBGR;;;
WBKL_WBGR4;WBKL VLB BRU KADMO VMI WBGR;;;
WBKL_WBGR5;WBKL VLB BRU VMI WBGR;;;
WBKL_WBKK1;WBKL VLB VJN WBKK;;; 
WBKL_WBKK2;WBKL VLB VJN WBKK;;; 
WBKL_WBKK3;WBKL VLB VJN WBKK;;; 
WBKL_WMKK1;WBKL VLB DOGOG OLKIT TERIX LUSMO IDSEL PADLI SAROX VKL WMKK;;;
WBKL_WMKK2;WBKL VLB DOGOG OLKIT TERIX LUSMO IDSEL PADLI SAROX VKL WMKK;;;
WBKL_WMKK3;WBKL VLB DOGOG OLKIT TERIX LUSMO IDSEL VPK ISTAN VKL WMKK;;;
WBKL_WMKK4;WBKL VLB DOGOG OLKIT TERIX LUSMO IDSEL VPK ISTAN VKL WMKK;;;
WBKS_WBKK1;WBKS VSN VJN WBKK;;; 
WBKS_WBKK2;WBKS VSN VJN WBKK;;; 
WBKS_WBKK1;WBKS VSN VJN WBKK;;; 
WBKS_WBKK2;WBKS VSN VJN WBKK;;; 
WBKS_WBKK3;WBKS VSN VJN WBKK;;; 
WBKS_WBKK4;WBKS VSN VJN WBKK;;; 
WBKS_WBKK5;WBKS VSN VJN WBKK;;; 
WBKS_WBKK6;WBKS VSN VJN WBKK;;; 
WBKS_WBKK7;WBKS VSN VJN WBKK;;; 
WBKS_WBKW1;WBKS VSN VTW WBKW;;; 
WBKS_WBKW2;WBKS VSN VTW WBKW;;; 
WBKS_WMKK1;WBKS VSN VJN VIDIP DOGOG OLKIT TERIX LUSMO IDSEL VPK ISTAN VKL WMKK;;; 
WBKS_WMKK2;WBKS VSN VJN VIDIP DOGOG OLKIT TERIX LUSMO IDSEL VPK ISTAN VKL WMKK;;; 
WBKS_WMKK3;WBKS VSN VJN VIDIP DOGOG OLKIT TERIX LUSMO IDSEL VPK ISTAN VKL WMKK;;; 
WBKS_WMKK4;WBKS VSN VJN VIDIP DOGOG OLKIT TERIX LUSMO IDSEL VPK ISTAN VKL WMKK;;; 
WBKW_WBKK1;WBKW VTW LHD VJN WBKK;;;
WBKW_WBKK2;WBKW VTW VJN WBKK;;; 
WBKW_WBKK3;WBKW VTW VJN WBKK;;; 
WBKW_WBKK4;WBKW VTW LHD VJN WBKK;;;
WBKW_WBKK5;WBKW VTW VJN WBKK;;; 
WBKW_WBKK6;WBKW VTW VJN WBKK;;; 
WBKW_WBKK7;WBKW VTW VJN WBKK;;; 
WBKW_WBKK8;WBKW VTW VJN WBKK;;; 
WBKW_WMKJ1;WBKW VTW LATIL BRU SAKMA DARMU KAMIN SABIP TOMAN HOSBA KK VJR WMKJ;;; 
WBKW_WMKK1;WBKW VTW LATIL BRU SAKMA DARMU KAMIN KIBOL VPT SAROX VKL WMKK;;;  
WBKW_WMKK2;WBKW VTW LATIL BRU SAKMA DARMU KAMIN KIBOL VPT SAROX VKL WMKK;;;  
WBKW_WMKK3;WBKW VTW LATIL BRU OLKIT TERIX LUSMO IDSEL VPK ISTAN VKL WMKK;;;  
WBKW_WMKK4;WBKW VTW LATIL BRU OLKIT TERIX LUSMO IDSEL VPK ISTAN VKL WMKK;;;  
WBKW_WMKK5;WBKW VTW LATIL BRU OLKIT TERIX LUSMO IDSEL VPK ISTAN VKL WMKK;;;  
WBKW_WMKK6;WBKW VTW LATIL BRU OLKIT TERIX LUSMO IDSEL VPK ISTAN VKL WMKK;;;  
WBSB_WMKK1;WBSB BRU OLKIT TERIX LUSMO IDSEL VPK ISTAN VKL WMKK;;;
WBSB_WMKK2;WBSB BRU OLKIT TERIX LUSMO IDSEL VPK ISTAN VKL WMKK;;;
WBSB_WMKK3;WBSB BRU OLKIT TERIX LUSMO IDSEL VPK ISTAN VKL WMKK;;;
WBSB_WMKK4;WBSB BRU OLKIT TERIX LUSMO IDSEL VPK ISTAN VKL WMKK;;;
WMKA_WMKK1;WMKA VAS VIH VBA VKL WMKK;;;
WMKA_WMKK2;WMKA VAS VIH VBA VKL WMKK;;;
WMKA_WMKK3;WMKA VAS VIH VBA VKL WMKK;;;
WMKA_WMKK4;WMKA VAS VIH VBA VKL WMKK;;;
WMKA_WMKK5;WMKA VAS VIH VBA VKL WMKK;;;
WMKA_WMSA1;WMKA VAS VIH VBA WMSA;;;
WMKA_WMSA2;WMKA VAS VIH VBA WMSA;;;
WMKA_WMSA3;WMKA VAS VIH VBA WMSA;;;
WMKA_WMSA4;WMKA VAS VIH VBA WMSA;;;
WMKA_WMSA5;WMKA VAS VIH VBA WMSA;;;
WMKA_WMSA6;WMKA VAS VIH VBA WMSA;;;
WMKA_WMSA7;WMKA VAS VIH VBA WMSA;;;
WMKA_WMSA8;WMKA VAS VIH VBA WMSA;;;
WMKA_WMSA9;WMKA VAS VIH VBA WMSA;;;
WMKC_WMKK1;WMKC VKB PULIP VKL WMKK;;;
WMKC_WMKK2;WMKC VKB PULIP VKL WMKK;;;
WMKC_WMKK3;WMKC VKB PULIP VKL WMKK;;;
WMKC_WMKK4;WMKC VKB PULIP VKL WMKK;;;
WMKC_WMKK5;WMKC VKB PULIP VKL WMKK;;;
WMKC_WMKK6;WMKC VKB PULIP VKL WMKK;;;
WMKC_WMKK7;WMKC VKB PULIP VKL WMKK;;;
WMKC_WMKK8;WMKC VKB PULIP VKL WMKK;;;
WMKC_WMKK9;WMKC VKB PULIP VKL WMKK;;;
WMKC_WMKK10;WMKC VKB PULIP VKL WMKK;;;
WMKC_WMKK11;WMKC VKB PULIP VKL WMKK;;;
WMKC_WMKK12;WMKC VKB PULIP VKL WMKK;;;
WMKC_WMKK13;WMKC VKB PULIP VKL WMKK;;;
WMKC_WMKP1;WMKC VKB OPOMO VPG WMKP;;;
WMKC_WMKP2;WMKC VKB OPOMO VPG WMKP;;;
WMKC_WMSA1;WMKC VKB OPOMO VPG VIH VBA WMSA;;;  
WMKC_WMSA2;WMKC VKB OPOMO VPG VIH VBA WMSA;;;  
WMKC_WMSA3;WMKC VKB OPOMO VPG VIH VBA WMSA;;;  
WMKC_WMSA4;WMKC VKB PULIP VBA WMSA;;;
WMKC_WMSA5;WMKC VKB PULIP VBA WMSA;;;
WMKC_WMSA6;WMKC VKB PULIP VBA WMSA;;;
WMKC_WMSA7;WMKC VKB PULIP VBA WMSA;;;
WMKC_WMSA8;WMKC VKB PULIP VBA WMSA;;;
WMKC_WMSA9;WMKC VKB PULIP VBA WMSA;;;
WMKC_WMSA10;WMKC VKB PULIP VBA WMSA;;;
WMKC_WMSA11;WMKC VKB PULIP VBA WMSA;;;
WMKC_WMSA12;WMKC VKB OPOMO VPG VIH VBA WMSA;;;  
WMKC_WMSA13;WMKC VKB PULIP VBA WMSA;;;
WMKC_WMSA14;WMKC VKB PULIP VBA WMSA;;;
WMKC_WMSA15;WMKC VKB OPOMO VPG VIH VBA WMSA;;;  
WMKC_WMSA16;WMKC VKB PULIP VBA WMSA;;;
WMKC_WMSA17;WMKC VKB PULIP VBA WMSA;;;
WMKC_WMSA18;WMKC VKB OPOMO VPG VIH VBA WMSA;;;  
WMKC_WMSA19;WMKC VKB PULIP VBA WMSA;;;
WMKD_WMKK1;WMKD VKN ADNUT KIMAT VKL WMKK;;;
WMKD_WMKK2;WMKD VKN ADNUT KIMAT VKL WMKK;;;
WMKD_WMKK3;WMKD VKN ADNUT KIMAT VKL WMKK;;;
WMKD_WSSS1;WMKD VKN VPK PADLI VMR VTK WSSS;;;  
WMKE_WMSA1;WMKE VKE VKN ADNUT PIBOS VBA WMSA;;;  
WMKE_WMSA2;WMKE VKE PULIP VBA WMSA;;;
WMKE_WMSA3;WMKE VKE VKN ADNUT PIBOS VBA WMSA;;;  
WMKE_WMSA4;WMKE VKE PULIP VBA WMSA;;;
WMKI_WMKJ1;WMKI VIH VJR WMKJ;;; 
WMKI_WMKJ2;WMKI VIH VJR WMKJ;;; 
WMKI_WSSS1;WMKI VIH VJR VTK WSSS;;;
WMKI_WSSS2;WMKI VIH VJR VTK WSSS;;;
WMKI_WSSS3;WMKI VIH VJR VTK WSSS;;;
WMKI_WSSS4;WMKI VIH VJR VTK WSSS;;;
WMKJ_WBGG1;WMKJ VJR VTK TOMAN NIMIX VKG WBGG;;;  
WMKJ_WBGG2;WMKJ VJR VTK TOMAN NIMIX VKG WBGG;;;  
WMKJ_WBGG3;WMKJ VJR VTK TOMAN NIMIX VKG WBGG;;;  
WMKJ_WBGR1;WMKJ VJR VTK TOMAN KAMIN DARMU SAKMA VMI WBGR;;;
WMKJ_WBKK1;WMKJ VJR VTK TOMAN KAMIN DARMU SAKMA BRU VJN WBKK;;;
WMKJ_WBKK2;WMKJ VJR VTK TOMAN KAMIN DARMU VMI BRU VJN WBKK;;;
WMKJ_WBKW1;WMKJ VJR VTK TOMAN KAMIN DARMU VMI BRU LATIL VTW WBKW;;;
WMKJ_WMKI1;WMKJ VJR GUPTA VKL AGOSA BILIK SUKAT TEPUS VIH WMKI;;;
WMKJ_WMKI2;WMKJ VJR GUPTA VKL AGOSA BILIK SUKAT TEPUS VIH WMKI;;;
WMKJ_WMKK1;WMKJ VJR GUPTA VKL WMKK;;;
WMKJ_WMKK2;WMKJ VJR GUPTA VKL WMKK;;;
WMKJ_WMKK3;WMKJ VJR GUPTA VKL WMKK;;;
WMKJ_WMKK4;WMKJ VJR GUPTA VKL WMKK;;;
WMKJ_WMKK5;WMKJ VJR GUPTA VKL WMKK;;;
WMKJ_WMKK6;WMKJ VJR GUPTA VKL WMKK;;;
WMKJ_WMKK7;WMKJ VJR GUPTA VKL WMKK;;;
WMKJ_WMKK8;WMKJ VJR GUPTA VKL WMKK;;;
WMKJ_WMKK9;WMKJ VJR GUPTA VKL WMKK;;;
WMKJ_WMKK10;WMKJ VJR GUPTA VKL WMKK;;;
WMKJ_WMKK11;WMKJ VJR GUPTA VKL WMKK;;;
WMKJ_WMKK12;WMKJ VJR GUPTA VKL WMKK;;;
WMKJ_WMKK13;WMKJ VJR GUPTA VKL WMKK;;;
WMKJ_WMKK14;WMKJ VJR GUPTA VKL WMKK;;;
WMKJ_WMKK15;WMKJ VJR GUPTA VKL WMKK;;;
WMKJ_WMKK16;WMKJ VJR GUPTA VKL WMKK;;;
WMKJ_WMKK17;WMKJ VJR GUPTA VKL WMKK;;;
WMKJ_WMKK18;WMKJ VJR GUPTA VKL WMKK;;;
WMKJ_WMKK19;WMKJ VJR GUPTA VKL WMKK;;;
WMKJ_WMKK20;WMKJ VJR GUPTA VKL WMKK;;;
WMKJ_WMKK21;WMKJ VJR GUPTA VKL WMKK;;;
WMKJ_WMKP1;WMKJ VJR GEMAS VBA SUKAT TEPUS VPG WMKP;;; 
WMKJ_WMKP2;WMKJ VJR GUPTA VKL AGOSA BILIK SUKAT TEPUS VPG WMKP;;;
WMKJ_WMKP3;WMKJ VJR GUPTA VKL AGOSA BILIK SUKAT TEPUS VPG WMKP;;;
WMKK_WBGB1;WMKK VKL SAROX VPT KIBOL KAMIN AGDAB VBU WBGB;;;
WMKK_WBGB2;WMKK VKL SAROX VPT KIBOL KAMIN AGDAB VBU WBGB;;;
WMKK_WBGB3;WMKK VKL SAROX VPT KIBOL KAMIN AGDAB VBU WBGB;;;
WMKK_WBGB4;WMKK VKL SAROX VPT KIBOL KAMIN AGDAB VBU WBGB;;;
WMKK_WBGG1;WMKK VKL ISTAN VPK OBDAB KETOD BOBOB NIMIX VKG WBGG;;;
WMKK_WBGG2;WMKK VKL ISTAN VPK OBDAB KETOD BOBOB NIMIX VKG WBGG;;;
WMKK_WBGG3;WMKK VKL ISTAN VPK OBDAB KETOD BOBOB NIMIX VKG WBGG;;;
WMKK_WBGG4;WMKK VKL SAROX VPT KIBOL KAMIN VKG WBGG;;;
WMKK_WBGG5;WMKK VKL SAROX VPT KIBOL KAMIN VKG WBGG;;;
WMKK_WBGG6;WMKK VKL ISTAN VPK OBDAB KETOD BOBOB NIMIX VKG WBGG;;;
WMKK_WBGG7;WMKK VKL ISTAN VPK OBDAB KETOD BOBOB NIMIX VKG WBGG;;;
WMKK_WBGG8;WMKK VKL SAROX VPT KIBOL KAMIN VKG WBGG;;;
WMKK_WBGG9;WMKK VKL ISTAN VPK OBDAB KETOD BOBOB SABIP AGOBA VKG WBGG;;;
WMKK_WBGG10;WMKK VKL ISTAN VPK OBDAB KETOD BOBOB NIMIX VKG WBGG;;;
WMKK_WBGG11;WMKK VKL ISTAN VPK OBDAB KETOD BOBOB NIMIX VKG WBGG;;;
WMKK_WBGG12;WMKK VKL SAROX VPT KIBOL KAMIN VKG WBGG;;;
WMKK_WBGG13;WMKK VKL SAROX VPT KIBOL KAMIN VKG WBGG;;;
WMKK_WBGG14;WMKK VKL ISTAN VPK OBDAB KETOD BOBOB NIMIX VKG WBGG;;;
WMKK_WBGG15;WMKK VKL SAROX VPT KIBOL KAMIN VKG WBGG;;;
WMKK_WBGG16;WMKK VKL ISTAN VPK OBDAB KETOD BOBOB SABIP AGOBA VKG WBGG;;;
WMKK_WBGG17;WMKK VKL SAROX VPT KIBOL KAMIN VKG WBGG;;;
WMKK_WBGG18;WMKK VKL SAROX VPT KIBOL KAMIN VKG WBGG;;;
WMKK_WBGG19;WMKK VKL SAROX VPT KIBOL KAMIN VKG WBGG;;;
WMKK_WBGG20;WMKK VKL SAROX VPT KIBOL KAMIN VKG WBGG;;;
WMKK_WBGG21;WMKK VKL SAROX VPT KIBOL KAMIN VKG WBGG;;;
WMKK_WBGG22;WMKK VKL SAROX VPT KIBOL KAMIN VKG WBGG;;;
WMKK_WBGG23;WMKK VKL ISTAN VPK OBDAB KETOD BOBOB NIMIX VKG WBGG;;;
WMKK_WBGR1;WMKK VKL SAROX VPT KIBOL KAMIN DARMU SAKMA VMI WBGR;;;
WMKK_WBGR2;WMKK VKL ISTAN VPK IDSEL LUSMO TERIX OLKIT SAKMA VMI WBGR;;;
WMKK_WBGR3;WMKK VKL ISTAN VPK IDSEL LUSMO TERIX OLKIT SAKMA VMI WBGR;;;
WMKK_WBGR4;WMKK VKL SAROX VPT KIBOL KAMIN DARMU SAKMA VMI WBGR;;;
WMKK_WBGR5;WMKK VKL SAROX VPT KIBOL KAMIN DARMU SAKMA VMI WBGR;;;
WMKK_WBGR6;WMKK VKL SAROX VPT KIBOL KAMIN DARMU VMI WBGR;;;
WMKK_WBGR7;WMKK VKL SAROX VPT KIBOL KAMIN DARMU SAKMA VMI WBGR;;;
WMKK_WBGR8;WMKK VKL SAROX VPT KIBOL KAMIN DARMU VMI WBGR;;;
WMKK_WBGR9;WMKK VKL SAROX VPT KIBOL KAMIN DARMU VMI WBGR;;;
WMKK_WBGS1;WMKK VKL SAROX VPT KIBOL KAMIN PILAX VSI WBGS;;;
WMKK_WBGS2;WMKK VKL ISTAN VPK OBDAB KETOD BOBOB SABIP AGOBA VKG VSI WBGS;;;  
WMKK_WBGS3;WMKK VKL ISTAN VPK OBDAB KETOD BOBOB NIMIX VKG VSI WBGS;;;
WMKK_WBGS4;WMKK VKL ISTAN VPK OBDAB KETOD BOBOB SABIP AGOBA VKG VSI WBGS;;;  
WMKK_WBGS5;WMKK VKL SAROX VPT KIBOL KAMIN PILAX VSI WBGS;;;
WMKK_WBGS6;WMKK VKL SAROX VPT KIBOL KAMIN PILAX VSI WBGS;;;
WMKK_WBGS7;WMKK VKL SAROX VPT KIBOL KAMIN PILAX VSI WBGS;;;
WMKK_WBKK1;WMKK VKL ISTAN VPK IDSEL LUSMO TERIX OLKIT DOGOG VIDIP VJN WBKK;;;  
WMKK_WBKK2;WMKK VKL ISTAN VPK IDSEL LUSMO TERIX OLKIT DOGOG VIDIP VJN WBKK;;;  
WMKK_WBKK3;WMKK VKL SAROX VPT KIBOL KAMIN DARMU SAKMA BRU VJN WBKK;;;
WMKK_WBKK4;WMKK VKL SAROX VPT KIBOL KAMIN DARMU SAKMA BRU VJN WBKK;;;
WMKK_WBKK5;WMKK VKL SAROX VPT KIBOL KAMIN DARMU SAKMA BRU VJN WBKK;;;
WMKK_WBKK6;WMKK VKL ISTAN VPK IDSEL LUSMO TERIX OLKIT DOGOG VIDIP VJN WBKK;;;  
WMKK_WBKK7;WMKK VKL ISTAN VPK IDSEL LUSMO TERIX OLKIT BRU VJN WBKK;;;
WMKK_WBKK8;WMKK VKL ISTAN VPK IDSEL LUSMO TERIX OLKIT DOGOG VIDIP VJN WBKK;;;  
WMKK_WBKK9;WMKK VKL ISTAN VPK IDSEL LUSMO TERIX OLKIT DOGOG VIDIP VJN WBKK;;;  
WMKK_WBKK10;WMKK VKL ISTAN VPK IDSEL LUSMO TERIX OLKIT DOGOG VIDIP VJN WBKK;;;  
WMKK_WBKK11;WMKK VKL ISTAN VPK IDSEL LUSMO TERIX OLKIT DOGOG VIDIP VJN WBKK;;;  
WMKK_WBKK12;WMKK VKL SAROX VPT KIBOL KAMIN DARMU SAKMA BRU VJN WBKK;;;
WMKK_WBKK13;WMKK VKL SAROX VPT KIBOL KAMIN DARMU SAKMA BRU VJN WBKK;;;
WMKK_WBKK14;WMKK VKL SAROX VPT KIBOL KAMIN DARMU SAKMA BRU VJN WBKK;;;
WMKK_WBKK15;WMKK VKL SAROX VPT KIBOL KAMIN DARMU SAKMA BRU VJN WBKK;;;
WMKK_WBKK16;WMKK VKL SAROX VPT KIBOL KAMIN DARMU SAKMA BRU VJN WBKK;;;
WMKK_WBKK17;WMKK VKL SAROX VPT KIBOL KAMIN DARMU SAKMA BRU VJN WBKK;;;
WMKK_WBKK18;WMKK VKL SAROX VPT KIBOL KAMIN DARMU SAKMA BRU VJN WBKK;;;
WMKK_WBKK19;WMKK VKL SAROX VPT KIBOL KAMIN DARMU SAKMA BRU VJN WBKK;;;
WMKK_WBKK20;WMKK VKL SAROX VPT KIBOL KAMIN DARMU SAKMA BRU VJN WBKK;;;
WMKK_WBKK21;WMKK VKL SAROX VPT KIBOL KAMIN DARMU SAKMA BRU VJN WBKK;;;
WMKK_WBKK22;WMKK VKL SAROX VPT KIBOL KAMIN DARMU SAKMA BRU VJN WBKK;;;
WMKK_WBKK23;WMKK VKL SAROX VPT KIBOL KAMIN DARMU SAKMA BRU VJN WBKK;;;
WMKK_WBKK24;WMKK VKL SAROX VPT KIBOL KAMIN DARMU SAKMA BRU VJN WBKK;;;
WMKK_WBKK25;WMKK VKL SAROX VPT KIBOL KAMIN DARMU SAKMA BRU VJN WBKK;;;
WMKK_WBKL1;WMKK VKL ISTAN VPK IDSEL LUSMO TERIX OLKIT DOGOG VLB WBKL;;;
WMKK_WBKL2;WMKK VKL SAROX VPT KIBOL KAMIN DARMU SAKMA BRU VLB WBKL;;;
WMKK_WBKL3;WMKK VKL ISTAN VPK IDSEL LUSMO TERIX OLKIT DOGOG VLB WBKL;;;
WMKK_WBKL4;WMKK VKL SAROX VPT KIBOL KAMIN DARMU SAKMA BRU VLB WBKL;;;
WMKK_WBKL5;WMKK VKL SAROX VPT KIBOL KAMIN DARMU SAKMA BRU VLB WBKL;;;
WMKK_WBKS1;WMKK VKL ISTAN VPK IDSEL LUSMO TERIX OLKIT BRU VJN VSN WBKS;;;  
WMKK_WBKS2;WMKK VKL ISTAN VPK IDSEL LUSMO TERIX OLKIT DOGOG VIDIP VJN VSN WBKS;;; 
WMKK_WBKS3;WMKK VKL ISTAN VPK IDSEL LUSMO TERIX OLKIT DOGOG VIDIP VJN VSN WBKS;;; 
WMKK_WBKS4;WMKK VKL SAROX VPT KIBOL KAMIN DARMU SAKMA BRU VJN VSN WBKS;;;  
WMKK_WBKW1;WMKK VKL SAROX VPT KIBOL KAMIN DARMU SAKMA BRU LATIL VTW WBKW;;;  
WMKK_WBKW2;WMKK VKL SAROX VPT KIBOL KAMIN DARMU SAKMA BRU LATIL VTW WBKW;;;  
WMKK_WBKW3;WMKK VKL SAROX VPT KIBOL KAMIN DARMU SAKMA BRU LATIL VTW WBKW;;;  
WMKK_WBKW4;WMKK VKL SAROX VPT KIBOL KAMIN DARMU SAKMA BRU LATIL VTW WBKW;;;  
WMKK_WBKW5;WMKK VKL SAROX VPT KIBOL KAMIN DARMU SAKMA BRU LATIL VTW WBKW;;;  
WMKK_WBKW6;WMKK VKL SAROX VPT KIBOL KAMIN DARMU SAKMA BRU LATIL VTW WBKW;;;  
WMKK_WBSB1;WMKK VKL SAROX VPT KIBOL KAMIN DARMU SAKMA BRU WBSB;;;
WMKK_WBSB2;WMKK VKL SAROX VPT KIBOL KAMIN DARMU SAKMA BRU WBSB;;;
WMKK_WBSB3;WMKK VKL ISTAN VPK IDSEL LUSMO TERIX OLKIT BRU WBSB;;;
WMKK_WBSB4;WMKK VKL SAROX VPT KIBOL KAMIN DARMU SAKMA BRU WBSB;;;
WMKK_WMKA1;WMKK VKL VBA SUKAT GUNIP VPG VAS WMKA;;; 
WMKK_WMKA2;WMKK VKL VBA SUKAT TEPUS VPG VAS WMKA;;; 
WMKK_WMKA3;WMKK VKL VBA SUKAT GUNIP VPG VAS WMKA;;; 
WMKK_WMKA4;WMKK VKL AGOSA BILIK SUKAT TEPUS VPG VAS WMKA;;;
WMKK_WMKA5;WMKK VKL VBA SUKAT TEPUS VPG VAS WMKA;;; 
WMKK_WMKC1;WMKK VKL VBA SUKAT TEPUS VPG VKB WMKC;;; 
WMKK_WMKC2;WMKK VKL VBA PULIP VKB WMKC;;;
WMKK_WMKC3;WMKK VKL VBA PULIP VKB WMKC;;;
WMKK_WMKC4;WMKK VKL VBA PULIP VKB WMKC;;;
WMKK_WMKC5;WMKK VKL VBA PULIP VKB WMKC;;;
WMKK_WMKC6;WMKK VKL VBA SUKAT GUNIP VPG OPOMO VKB WMKC;;;
WMKK_WMKC7;WMKK VKL AGOSA BILIK SUKAT TEPUS VPG VKB WMKC;;;
WMKK_WMKC8;WMKK VKL VBA PULIP VKB WMKC;;;
WMKK_WMKC9;WMKK VKL VBA SUKAT TEPUS VPG OPOMO VKB WMKC;;;
WMKK_WMKC10;WMKK VKL VBA SUKAT TEPUS VPG VKB WMKC;;; 
WMKK_WMKC11;WMKK VKL VBA PULIP VKB WMKC;;;
WMKK_WMKC12;WMKK VKL VBA PULIP VKB WMKC;;;
WMKK_WMKD1;WMKK VKL KIMAT ADNUT VKN WMKD;;;
WMKK_WMKD2;WMKK VKL KIMAT ADNUT VKN WMKD;;;
WMKK_WMKD3;WMKK VKL KIMAT ADNUT VKN WMKD;;;
WMKK_WMKJ1;WMKK VKL BATAR TOPOR VJR WMKJ;;;
WMKK_WMKJ2;WMKK VKL BATAR TOPOR VJR WMKJ;;;
WMKK_WMKJ3;WMKK VKL BATAR TOPOR VJR WMKJ;;;
WMKK_WMKJ4;WMKK VKL BATAR TOPOR VJR WMKJ;;;
WMKK_WMKJ5;WMKK VKL BATAR TOPOR VJR WMKJ;;;
WMKK_WMKJ6;WMKK VKL BATAR TOPOR VJR WMKJ;;;
WMKK_WMKJ7;WMKK VKL BATAR TOPOR VJR WMKJ;;;
WMKK_WMKJ8;WMKK VKL BATAR TOPOR VJR WMKJ;;;
WMKK_WMKJ9;WMKK VKL BATAR TOPOR VJR WMKJ;;;
WMKK_WMKL1;WMKK VKL VBA SUKAT TEPUS VPG VPL WMKL;;; 
WMKK_WMKL2;WMKK VKL AGOSA BILIK SUKAT GUNIP VPG VPL WMKL;;;
WMKK_WMKL3;WMKK VKL VBA SUKAT GUNIP VPG VPL WMKL;;; 
WMKK_WMKL4;WMKK VKL AGOSA BILIK SUKAT TEPUS VPG VPL WMKL;;;
WMKK_WMKL5;WMKK VKL AGOSA BILIK SUKAT TEPUS VPG VPL WMKL;;;
WMKK_WMKL6;WMKK VKL AGOSA BILIK SUKAT TEPUS VPG VPL WMKL;;;
WMKK_WMKL7;WMKK VKL VBA SUKAT TEPUS VPG VPL WMKL;;; 
WMKK_WMKL8;WMKK VKL AGOSA BILIK SUKAT GUNIP VPG VPL WMKL;;;
WMKK_WMKL9;WMKK VKL VBA SUKAT TEPUS VPG VPL WMKL;;; 
WMKK_WMKL10;WMKK VKL AGOSA BILIK SUKAT TEPUS VPG VPL WMKL;;;
WMKK_WMKL11;WMKK VKL AGOSA BILIK SUKAT TEPUS VPG VPL WMKL;;;
WMKK_WMKL12;WMKK VKL AGOSA BILIK SUKAT TEPUS VPG VPL WMKL;;;
WMKK_WMKL13;WMKK VKL VBA SUKAT TEPUS VPG VPL WMKL;;; 
WMKK_WMKL14;WMKK VKL VBA SUKAT TEPUS VPG VPL WMKL;;; 
WMKK_WMKL15;WMKK VKL AGOSA BILIK SUKAT TEPUS VPG VPL WMKL;;;
WMKK_WMKL16;WMKK VKL VBA SUKAT TEPUS VPG VPL WMKL;;; 
WMKK_WMKL17;WMKK VKL VBA SUKAT TEPUS VPG VPL WMKL;;; 
WMKK_WMKL18;WMKK VKL AGOSA BILIK SUKAT TEPUS VPG VPL WMKL;;;
WMKK_WMKL19;WMKK VKL VBA SUKAT TEPUS VPG VPL WMKL;;; 
WMKK_WMKL20;WMKK VKL VBA SUKAT TEPUS VPG VPL WMKL;;; 
WMKK_WMKN1;WMKK VKL PIBOS VKR WMKN;;;
WMKK_WMKN2;WMKK VKL PIBOS VKR WMKN;;;
WMKK_WMKN3;WMKK VKL PIBOS VKR WMKN;;;
WMKK_WMKN4;WMKK VKL PIBOS VKR WMKN;;;
WMKK_WMKN5;WMKK VKL PIBOS VKR WMKN;;;
WMKK_WMKN6;WMKK VKL PIBOS VKR WMKN;;;
WMKK_WMKP1;WMKK VKL VBA SUKAT TEPUS VPG WMKP;;;  
WMKK_WMKP2;WMKK VKL AGOSA BILIK SUKAT GUNIP VPG WMKP;;; 
WMKK_WMKP3;WMKK VKL VBA SUKAT TEPUS VPG WMKP;;;  
WMKK_WMKP4;WMKK VKL AGOSA BILIK SUKAT GUNIP VPG WMKP;;; 
WMKK_WMKP5;WMKK VKL VBA SUKAT GUNIP VPG WMKP;;;  
WMKK_WMKP6;WMKK VKL VBA SUKAT GUNIP VPG WMKP;;;  
WMKK_WMKP7;WMKK VKL VBA SUKAT TEPUS VPG WMKP;;;  
WMKK_WMKP8;WMKK VKL AGOSA BILIK SUKAT TEPUS VPG WMKP;;; 
WMKK_WMKP9;WMKK VKL VBA SUKAT TEPUS VPG WMKP;;;  
WMKK_WMKP10;WMKK VKL VBA SUKAT GUNIP VPG WMKP;;;  
WMKK_WMKP11;WMKK VKL VBA SUKAT TEPUS VPG WMKP;;;  
WMKK_WMKP12;WMKK VKL VBA SUKAT GUNIP VPG WMKP;;;  
WMKK_WMKP13;WMKK VKL VBA SUKAT TEPUS VPG WMKP;;;  
WMKK_WMKP14;WMKK VKL AGOSA BILIK SUKAT GUNIP VPG WMKP;;; 
WMKK_WMKP15;WMKK VKL VBA SUKAT TEPUS VPG WMKP;;;  
WMKK_WMKP16;WMKK VKL AGOSA BILIK SUKAT TEPUS VPG WMKP;;; 
WMKK_WMKP17;WMKK VKL AGOSA BILIK SUKAT TEPUS VPG WMKP;;; 
WMKK_WMKP18;WMKK VKL AGOSA BILIK SUKAT GUNIP VPG WMKP;;; 
WMKK_WMKP19;WMKK VKL AGOSA BILIK SUKAT TEPUS VPG WMKP;;; 
WMKK_WSSS1;WMKK VKL BATAR TOPOR VJR VTK WSSS;;;  
WMKK_WSSS2;WMKK VKL BATAR TOPOR ARAMA LELIB VTK WSSS;;; 
WMKK_WSSS3;WMKK VKL BATAR TOPOR VJR VTK WSSS;;;  
WMKK_WSSS4;WMKK VKL BATAR TOPOR ARAMA LELIB VTK WSSS;;; 
WMKK_WSSS5;WMKK VKL BATAR TOPOR VJR VTK WSSS;;;  
WMKK_WSSS6;WMKK VKL BATAR TOPOR ARAMA LELIB VTK WSSS;;; 
WMKK_WSSS7;WMKK VKL BATAR TOPOR ARAMA LELIB VTK WSSS;;; 
WMKK_WSSS8;WMKK VKL BATAR TOPOR VJR VTK WSSS;;;  
WMKK_WSSS9;WMKK VKL BATAR TOPOR VJR VTK WSSS;;;  
WMKK_WSSS10;WMKK VKL BATAR TOPOR VJR VTK WSSS;;;  
WMKK_WSSS11;WMKK VKL BATAR TOPOR VJR VTK WSSS;;;  
WMKK_WSSS12;WMKK VKL BATAR TOPOR VJR VTK WSSS;;;  
WMKK_WSSS13;WMKK VKL BATAR TOPOR VJR VTK WSSS;;;  
WMKK_WSSS14;WMKK VKL BATAR TOPOR ARAMA LELIB VTK WSSS;;; 
WMKK_WSSS15;WMKK VKL BATAR TOPOR VJR VTK WSSS;;;  
WMKK_WSSS16;WMKK VKL BATAR TOPOR ARAMA LELIB VTK WSSS;;; 
WMKK_WSSS17;WMKK VKL BATAR TOPOR ARAMA LELIB VTK WSSS;;; 
WMKK_WSSS18;WMKK VKL BATAR TOPOR ARAMA LELIB VTK WSSS;;; 
WMKK_WSSS19;WMKK VKL BATAR TOPOR ARAMA LELIB VTK WSSS;;; 
WMKK_WSSS20;WMKK VKL BATAR TOPOR ARAMA LELIB VTK WSSS;;; 
WMKK_WSSS21;WMKK VKL BATAR TOPOR VJR VTK WSSS;;;  
WMKK_WSSS22;WMKK VKL BATAR TOPOR VJR VTK WSSS;;;  
WMKK_WSSS23;WMKK VKL BATAR TOPOR VJR VTK WSSS;;;  
WMKK_WSSS24;WMKK VKL BATAR TOPOR VJR VTK WSSS;;;  
WMKK_WSSS25;WMKK VKL BATAR TOPOR ARAMA LELIB VTK WSSS;;; 
WMKK_WSSS26;WMKK VKL BATAR TOPOR VJR VTK WSSS;;;  
WMKK_WSSS27;WMKK VKL BATAR TOPOR VJR VTK WSSS;;;  
WMKK_WSSS28;WMKK VKL BATAR TOPOR ARAMA LELIB VTK WSSS;;; 
WMKK_WSSS29;WMKK VKL BATAR TOPOR VJR VTK WSSS;;;  
WMKK_WSSS30;WMKK VKL BATAR TOPOR VJR VTK WSSS;;;  
WMKK_WSSS31;WMKK VKL BATAR TOPOR ARAMA LELIB VTK WSSS;;; 
WMKK_WSSS32;WMKK VKL BATAR TOPOR VJR VTK WSSS;;;  
WMKK_WSSS33;WMKK VKL BATAR TOPOR ARAMA LELIB VTK WSSS;;; 
WMKK_WSSS34;WMKK VKL BATAR TOPOR VJR VTK WSSS;;;  
WMKK_WSSS35;WMKK VKL BATAR TOPOR ARAMA LELIB VTK WSSS;;; 
WMKK_WSSS36;WMKK VKL BATAR TOPOR VJR VTK WSSS;;;  
WMKK_WSSS37;WMKK VKL BATAR TOPOR VJR VTK WSSS;;;  
WMKK_WSSS38;WMKK VKL BATAR TOPOR ARAMA LELIB VTK WSSS;;; 
WMKK_WSSS39;WMKK VKL BATAR TOPOR VJR VTK WSSS;;;  
WMKK_WSSS40;WMKK VKL BATAR TOPOR VJR VTK WSSS;;;  
WMKK_WSSS41;WMKK VKL BATAR TOPOR ARAMA LELIB VTK WSSS;;; 
WMKK_WSSS42;WMKK VKL BATAR TOPOR VJR VTK WSSS;;;  
WMKK_WSSS43;WMKK VKL BATAR TOPOR VJR VTK WSSS;;;  
WMKK_WSSS44;WMKK VKL BATAR TOPOR VJR VTK WSSS;;;  
WMKK_WSSS45;WMKK VKL BATAR TOPOR ARAMA LELIB VTK WSSS;;; 
WMKL_WMKK1;WMKL VPL VIH VBA VKL WMKK;;;
WMKL_WMKK2;WMKL VPL VIH VBA VKL WMKK;;;
WMKL_WMKK3;WMKL VPL VIH VBA VKL WMKK;;;
WMKL_WMKK4;WMKL VPL VIH VBA VKL WMKK;;;
WMKL_WMKK5;WMKL VPL VIH VBA VKL WMKK;;;
WMKL_WMKK6;WMKL VPL VIH VBA VKL WMKK;;;
WMKL_WMKK7;WMKL VPL VIH VBA VKL WMKK;;;
WMKL_WMKK8;WMKL VPL VIH VBA VKL WMKK;;;
WMKL_WMKK9;WMKL VPL VIH VBA VKL WMKK;;;
WMKL_WMKK10;WMKL VPL VIH VBA VKL WMKK;;;
WMKL_WMKK11;WMKL VPL VIH VBA VKL WMKK;;;
WMKL_WMKK12;WMKL VPL VIH VBA VKL WMKK;;;
WMKL_WMKK13;WMKL VPL VIH VBA VKL WMKK;;;
WMKL_WMKK14;WMKL VPL VIH VBA VKL WMKK;;;
WMKL_WMKK15;WMKL VPL VIH VBA VKL WMKK;;;
WMKL_WMKK16;WMKL VPL VIH VBA VKL WMKK;;;
WMKL_WMKK17;WMKL VPL VIH VBA VKL WMKK;;;
WMKL_WMKK18;WMKL VPL VIH VBA VKL WMKK;;;
WMKL_WMKK19;WMKL VPL VIH VBA VKL WMKK;;;
WMKL_WMKK20;WMKL VPL VIH VBA VKL WMKK;;;
WMKL_WMKK21;WMKL VPL VIH VBA VKL WMKK;;;
WMKL_WMKK22;WMKL VPL VIH VBA VKL WMKK;;;
WMKL_WMKP1;WMKL VPL VPG WMKP;;; 
WMKL_WMKP2;WMKL VPL VPG WMKP;;; 
WMKL_WMKP3;WMKL VPL VPG WMKP;;; 
WMKL_WMSA1;WMKL VPL VIH VBA WMSA;;;
WMKL_WMSA2;WMKL VPL VIH VBA WMSA;;;
WMKL_WMSA3;WMKL VPL VIH VBA WMSA;;;
WMKL_WMSA4;WMKL VPL VIH VBA WMSA;;;
WMKL_WMSA5;WMKL VPL VIH VBA WMSA;;;
WMKL_WMSA6;WMKL VPL VIH VBA WMSA;;;
WMKL_WSSS1;WMKL VPL VIH VJR VTK WSSS;;;
WMKN_WMKK1;WMKN VKR PIBOS VKL WMKK;;;
WMKN_WMKK2;WMKN VKR PIBOS VKL WMKK;;;
WMKN_WMKK3;WMKN VKR PIBOS VKL WMKK;;;
WMKN_WMKK4;WMKN VKR PIBOS VKL WMKK;;;
WMKN_WMKK5;WMKN VKR LASOB PULIP VKL WMKK;;;
WMKN_WMKK6;WMKN VKR PIBOS VKL WMKK;;;
WMKN_WMKK7;WMKN VKR PIBOS VKL WMKK;;;
WMKN_WMSA1;WMKN VKR PIBOS VBA WMSA;;;
WMKN_WMSA2;WMKN VKR PIBOS VBA WMSA;;;
WMKN_WMSA3;WMKN VKR PIBOS VBA WMSA;;;
WMKN_WMSA4;WMKN VKR PIBOS VBA WMSA;;;
WMKN_WMSA5;WMKN VKR PIBOS VBA WMSA;;;
WMKN_WMSA6;WMKN VKR PIBOS VBA WMSA;;;
WMKN_WMSA7;WMKN VKR LASOB PULIP VBA WMSA;;;
WMKN_WMSA8;WMKN VKR PIBOS VBA WMSA;;;
WMKN_WMSA9;WMKN VKR PIBOS VBA WMSA;;;
WMKN_WMSA10;WMKN VKR LASOB PULIP VBA WMSA;;;
WMSA_WIDD1;WMSA VBA VKL MITOS PIMOK WIDD;;;
WMSA_WMKA1;WMSA VBA SUKAT TEPUS VPG VAS WMKA;;;  
WMSA_WMKA2;WMSA VBA BILIK SUKAT GUNIP VPG VAS WMKA;;; 
WMSA_WMKA3;WMSA VBA SUKAT GUNIP VPG VAS WMKA;;;  
WMSA_WMKA4;WMSA VBA BILIK SUKAT GUNIP VPG VAS WMKA;;; 
WMSA_WMKA5;WMSA VBA SUKAT GUNIP VPG VAS WMKA;;;  
WMSA_WMKA6;WMSA VBA SUKAT TEPUS VPG VAS WMKA;;;  
WMSA_WMKA7;WMSA VBA BILIK SUKAT TEPUS VPG VAS WMKA;;; 
WMSA_WMKA8;WMSA VBA BILIK SUKAT TEPUS VPG VAS WMKA;;; 
WMSA_WMKC1;WMSA VBA SUKAT TEPUS VPG VKB WMKC;;;  
WMSA_WMKC2;WMSA VBA PULIP VKB WMKC;;;
WMSA_WMKC3;WMSA VBA PULIP VKB WMKC;;;
WMSA_WMKC4;WMSA VBA PULIP VKB WMKC;;;
WMSA_WMKC5;WMSA VBA PULIP VKB WMKC;;;
WMSA_WMKC6;WMSA VBA PULIP VKB WMKC;;;
WMSA_WMKC7;WMSA VBA PULIP VKB WMKC;;;
WMSA_WMKC8;WMSA VBA PULIP VKB WMKC;;;
WMSA_WMKC9;WMSA VBA PULIP VKB WMKC;;;
WMSA_WMKC10;WMSA VBA PULIP VKB WMKC;;;
WMSA_WMKC11;WMSA VBA SUKAT TEPUS VPG VKB WMKC;;;  
WMSA_WMKC12;WMSA VBA PULIP VKB WMKC;;;
WMSA_WMKC13;WMSA VBA PULIP VKB WMKC;;;
WMSA_WMKC14;WMSA VBA PULIP VKB WMKC;;;
WMSA_WMKC15;WMSA VBA SUKAT TEPUS VPG VKB WMKC;;;  
WMSA_WMKC16;WMSA VBA PULIP VKB WMKC;;;
WMSA_WMKC17;WMSA VBA PULIP VKB WMKC;;;
WMSA_WMKC18;WMSA VBA PULIP VKB WMKC;;;
WMSA_WMKC19;WMSA VBA PULIP VKB WMKC;;;
WMSA_WMKJ1;WMSA VBA VKL BATAR TOPOR VJR WMKJ;;;  
WMSA_WMKJ2;WMSA VBA VKL BATAR TOPOR VJR WMKJ;;;  
WMSA_WMKJ3;WMSA VBA VKL BATAR TOPOR VJR WMKJ;;;  
WMSA_WMKJ4;WMSA VBA VKL BATAR TOPOR VJR WMKJ;;;  
WMSA_WMKJ5;WMSA VBA VKL BATAR TOPOR VJR WMKJ;;;  
WMSA_WMKJ6;WMSA VBA VKL BATAR TOPOR VJR WMKJ;;;  
WMSA_WMKJ7;WMSA VBA VKL BATAR TOPOR VJR WMKJ;;;  
WMSA_WMKJ8;WMSA VBA VKL BATAR TOPOR VJR WMKJ;;;  
WMSA_WMKJ9;WMSA VBA VKL BATAR TOPOR VJR WMKJ;;;  
WMSA_WMKJ10;WMSA VBA VKL BATAR TOPOR VJR WMKJ;;;  
WMSA_WMKJ11;WMSA VBA VKL BATAR TOPOR VJR WMKJ;;;  
WMSA_WMKL1;WMSA VBA BILIK SUKAT GUNIP VPG VPL WMKL;;; 
WMSA_WMKL2;WMSA VBA BILIK SUKAT TEPUS VPG VPL WMKL;;; 
WMSA_WMKL3;WMSA VBA BILIK SUKAT TEPUS VPG VPL WMKL;;; 
WMSA_WMKL4;WMSA VBA BILIK SUKAT GUNIP VPG VPL WMKL;;; 
WMSA_WMKL5;WMSA VBA SUKAT GUNIP VPG VPL WMKL;;;  
WMSA_WMKL6;WMSA VBA SUKAT WMKL;;; 
WMSA_WMKN1;WMSA VBA PIBOS VKR WMKN;;;
WMSA_WMKN2;WMSA VBA PIBOS VKR WMKN;;;
WMSA_WMKN3;WMSA VBA PIBOS VKR WMKN;;;
WMSA_WMKN4;WMSA VBA PIBOS VKR WMKN;;;
WMSA_WMKN5;WMSA VBA PIBOS VKR WMKN;;;
WMSA_WMKN6;WMSA VBA PIBOS VKR WMKN;;;
WMSA_WMKN7;WMSA VBA PIBOS VKR WMKN;;;
WMSA_WMKN8;WMSA VBA PIBOS VKR WMKN;;;
WMSA_WSSS1;WMSA VBA VKL BATAR TOPOR ARAMA LELIB VTK WSSS;;;
WMSA_WSSS2;WMSA VBA VKL BATAR TOPOR ARAMA LELIB VTK WSSS;;;
WMSA_WSSS3;WMSA VBA VKL BATAR TOPOR ARAMA LELIB VTK WSSS;;;
WMSA_WSSS4;WMSA VBA VKL BATAR TOPOR ARAMA LELIB VTK WSSS;;;
WMSA_WSSS5;WMSA VBA VKL BATAR TOPOR ARAMA LELIB VTK WSSS;;;
WMSA_WSSS6;WMSA VBA VKL BATAR TOPOR ARAMA LELIB VTK WSSS;;;
WMSA_WSSS7;WMSA VBA VKL BATAR TOPOR ARAMA VJR VTK WSSS;;;
WSSS_WBGG1;WSSS VTK TOMAN NIMIX VKG WBGG;;;
WSSS_WBGR1;WSSS VTK TOMAN NIMIX VKG AGPOP PILAX SARVO VMI WBGR;;;
WSSS_WBKK1;WSSS VTK TOMAN NIMIX VKG AGPOP PILAX SARVO VMI BRU VJN WBKK;;;  
WSSS_WBKK2;WSSS VTK TOMAN NIMIX VKG AGPOP PILAX SARVO VMI BRU VJN WBKK;;;  
WSSS_WBSB1;WSSS VTK TOMAN NIMIX VKG AGPOP PILAX SARVO VMI BRU WBSB;;;
WSSS_WBSB2;WSSS VTK TOMAN NIMIX VKG AGPOP PILAX SARVO VMI BRU WBSB;;;
WSSS_WBSB3;WSSS VTK TOMAN KAMIN DARMU VMI BRU WBSB;;; 
WSSS_WMKI1;WSSS VTK AROSO REDUK SAROX VIH WMKI;;;  
WSSS_WMKK1;WSSS VTK VJR GUPTA VKL WMKK;;;
WSSS_WMKK2;WSSS VTK VJR GUPTA VKL WMKK;;;
WSSS_WMKK3;WSSS VTK VJR GUPTA VKL WMKK;;;
WSSS_WMKK4;WSSS VTK VJR GUPTA VKL WMKK;;;
WSSS_WMKK5;WSSS VTK VJR GUPTA VKL WMKK;;;
WSSS_WMKK6;WSSS VTK VJR GUPTA VKL WMKK;;;
WSSS_WMKK7;WSSS VTK VJR GUPTA VKL WMKK;;;
WSSS_WMKK8;WSSS VTK VJR GUPTA VKL WMKK;;;
WSSS_WMKK9;WSSS VTK VJR GUPTA VKL WMKK;;;
WSSS_WMKK10;WSSS VTK VJR GUPTA VKL WMKK;;;
WSSS_WMKK11;WSSS VTK VJR GUPTA VKL WMKK;;;
WSSS_WMKK12;WSSS VTK VJR GUPTA VKL WMKK;;;
WSSS_WMKK13;WSSS VTK VJR GUPTA VKL WMKK;;;
WSSS_WMKK14;WSSS VTK VJR GUPTA VKL WMKK;;;
WSSS_WMKK15;WSSS VTK VJR GUPTA VKL WMKK;;;
WSSS_WMKK16;WSSS VTK VJR GUPTA VKL WMKK;;;
WSSS_WMKK17;WSSS VTK VJR GUPTA VKL WMKK;;;
WSSS_WMKK18;WSSS VTK VJR GUPTA VKL WMKK;;;
WSSS_WMKK19;WSSS VTK VJR GUPTA VKL WMKK;;;
WSSS_WMKK20;WSSS VTK VJR GUPTA VKL WMKK;;;
WSSS_WMKK21;WSSS VTK VJR GUPTA VKL WMKK;;;
WSSS_WMKK22;WSSS VTK VJR GUPTA VKL WMKK;;;
WSSS_WMKK23;WSSS VTK VJR GUPTA VKL WMKK;;;
WSSS_WMKK24;WSSS VTK VJR GUPTA VKL WMKK;;;
WSSS_WMKK25;WSSS VTK VJR GUPTA VKL WMKK;;;
WSSS_WMKK26;WSSS VTK VJR GUPTA VKL WMKK;;;
WSSS_WMKK27;WSSS VTK VJR GUPTA VKL WMKK;;;
WSSS_WMKK28;WSSS VTK VJR GUPTA VKL WMKK;;;
WSSS_WMKK29;WSSS VTK VJR GUPTA VKL WMKK;;;
WSSS_WMKK30;WSSS VTK VJR GUPTA VKL WMKK;;;
WSSS_WMKK31;WSSS VTK VJR GUPTA VKL WMKK;;;
WSSS_WMKK32;WSSS VTK VJR GUPTA VKL WMKK;;;
WSSS_WMKK33;WSSS VTK VJR GUPTA VKL WMKK;;;
WSSS_WMKK34;WSSS VTK VJR GUPTA VKL WMKK;;;
WSSS_WMKK35;WSSS VTK VJR GUPTA VKL WMKK;;;
WSSS_WMKK36;WSSS VTK VJR GUPTA VKL WMKK;;;
WSSS_WMKK37;WSSS VTK VJR GUPTA VKL WMKK;;;
WSSS_WMKK38;WSSS VTK VJR GUPTA VKL WMKK;;;
WSSS_WMKK39;WSSS VTK VJR GUPTA VKL WMKK;;;
WSSS_WMKK40;WSSS VTK VJR GUPTA VKL WMKK;;;
WSSS_WMKK41;WSSS VTK VJR GUPTA VKL WMKK;;;
WSSS_WMKK42;WSSS VTK VJR GUPTA VKL WMKK;;;
WSSS_WMKK43;WSSS VTK VJR GUPTA VKL WMKK;;;
WSSS_WMKL1;WSSS VTK AROSO GEMAS VBA SUKAT TEPUS VPG VPL WMKL;;;
WSSS_WMKP1;WSSS VTK AROSO GEMAS VBA SUKAT TEPUS VPG WMKP;;;
WSSS_WMKP2;WSSS VTK AROSO GEMAS VBA SUKAT GUNIP VPG WMKP;;;
WSSS_WMKP3;WSSS VTK AROSO GEMAS VBA SUKAT GUNIP VPG WMKP;;;
WSSS_WMKP4;WSSS VTK AROSO GEMAS VBA SUKAT GUNIP VPG WMKP;;;
WSSS_WMKP5;WSSS VTK AROSO GEMAS VBA SUKAT TEPUS VPG WMKP;;;
WSSS_WMKP6;WSSS VTK VJR GEMAS VBA SUKAT GUNIP VPG WMKP;;;
WSSS_WMKP7;WSSS VTK AROSO GEMAS VBA SUKAT TEPUS VPG WMKP;;;
WSSS_WMKP8;WSSS VTK VJR GEMAS VBA SUKAT TEPUS VPG WMKP;;;
WSSS_WMKK13;WSSS PADLI ISTAN VKL;;;
